id,name,price,old_price,category,stock,description,badge,product_type,status,featured,image,brand,year,make,model,gallery_images
,Brake Pads Set,49.99,69.99,Brakes,100,High quality ceramic brake pads for daily driving and reliable stopping power.,New,physical,1,1,https://images.unsplash.com/photo-1486262715619-67b85e0b08d3?auto=format&fit=crop&w=800&q=80,Duralast,2020,Toyota,Camry,https://images.unsplash.com/photo-1486262715619-67b85e0b08d3?auto=format&fit=crop&w=800&q=80|https://images.unsplash.com/photo-1492144534655-ae79c964c9d7?auto=format&fit=crop&w=800&q=80|https://images.unsplash.com/photo-1511919884226-fd3cad34687c?auto=format&fit=crop&w=800&q=80|https://images.unsplash.com/photo-1517524206127-48bbd363f3d7?auto=format&fit=crop&w=800&q=80|https://images.unsplash.com/photo-1519643381401-22c77e60520e?auto=format&fit=crop&w=800&q=80
,Oil Filter,12.99,,Engine,250,OEM-style oil filter designed for long-lasting engine protection.,Sale,physical,1,0,https://images.unsplash.com/photo-1519643381401-22c77e60520e?auto=format&fit=crop&w=800&q=80,Apex Gasket,2019,Honda,Civic,https://images.unsplash.com/photo-1519643381401-22c77e60520e?auto=format&fit=crop&w=800&q=80|https://images.unsplash.com/photo-1486262715619-67b85e0b08d3?auto=format&fit=crop&w=800&q=80|https://images.unsplash.com/photo-1492144534655-ae79c964c9d7?auto=format&fit=crop&w=800&q=80|https://images.unsplash.com/photo-1511919884226-fd3cad34687c?auto=format&fit=crop&w=800&q=80|https://images.unsplash.com/photo-1517524206127-48bbd363f3d7?auto=format&fit=crop&w=800&q=80
,LED Headlight Bulb,29.99,39.99,Lighting,75,Bright 12000LM LED headlight bulbs with easy plug-and-play installation.,,physical,1,1,https://images.unsplash.com/photo-1503376780353-7e6692767b70?auto=format&fit=crop&w=800&q=80,Philips,2021,Ford,Focus,https://images.unsplash.com/photo-1503376780353-7e6692767b70?auto=format&fit=crop&w=800&q=80|https://images.unsplash.com/photo-1511919884226-fd3cad34687c?auto=format&fit=crop&w=800&q=80|https://images.unsplash.com/photo-1486262715619-67b85e0b08d3?auto=format&fit=crop&w=800&q=80|https://images.unsplash.com/photo-1492144534655-ae79c964c9d7?auto=format&fit=crop&w=800&q=80|https://images.unsplash.com/photo-1517524206127-48bbd363f3d7?auto=format&fit=crop&w=800&q=80
,Air Filter,18.99,24.99,Engine,180,High-flow air filter for improved engine efficiency and filtration.,Hot,physical,1,0,https://images.unsplash.com/photo-1517524206127-48bbd363f3d7?auto=format&fit=crop&w=800&q=80,FRAM,2022,Nissan,Altima,https://images.unsplash.com/photo-1486262715619-67b85e0b08d3?auto=format&fit=crop&w=800&q=80|https://images.unsplash.com/photo-1492144534655-ae79c964c9d7?auto=format&fit=crop&w=800&q=80|https://images.unsplash.com/photo-1511919884226-fd3cad34687c?auto=format&fit=crop&w=800&q=80|https://images.unsplash.com/photo-1517524206127-48bbd363f3d7?auto=format&fit=crop&w=800&q=80|https://images.unsplash.com/photo-1519643381401-22c77e60520e?auto=format&fit=crop&w=800&q=80
,Shock Absorber,89.99,119.99,Steering,60,Premium shock absorber for smooth ride quality and durability.,Best Seller,physical,1,1,https://images.unsplash.com/photo-1519643381401-22c77e60520e?auto=format&fit=crop&w=800&q=80,Monroe,2020,Chevrolet,Malibu,https://images.unsplash.com/photo-1486262715619-67b85e0b08d3?auto=format&fit=crop&w=800&q=80|https://images.unsplash.com/photo-1492144534655-ae79c964c9d7?auto=format&fit=crop&w=800&q=80|https://images.unsplash.com/photo-1511919884226-fd3cad34687c?auto=format&fit=crop&w=800&q=80|https://images.unsplash.com/photo-1517524206127-48bbd363f3d7?auto=format&fit=crop&w=800&q=80|https://images.unsplash.com/photo-1519643381401-22c77e60520e?auto=format&fit=crop&w=800&q=80
,Wheel Bearing,64.99,84.99,Driveline and Axles,120,Premium wheel bearing for smooth rolling performance and durability.,Top Rated,physical,1,1,https://images.unsplash.com/photo-1494905998402-395d579af36f?auto=format&fit=crop&w=800&q=80,Timken,2021,Toyota,Corolla,https://images.unsplash.com/photo-1486262715619-67b85e0b08d3?auto=format&fit=crop&w=800&q=80|https://images.unsplash.com/photo-1492144534655-ae79c964c9d7?auto=format&fit=crop&w=800&q=80|https://images.unsplash.com/photo-1511919884226-fd3cad34687c?auto=format&fit=crop&w=800&q=80|https://images.unsplash.com/photo-1517524206127-48bbd363f3d7?auto=format&fit=crop&w=800&q=80|https://images.unsplash.com/photo-1519643381401-22c77e60520e?auto=format&fit=crop&w=800&q=80
,Alternator,189.99,229.99,Electrical,90,Reliable alternator for stable charging and dependable starts.,Popular,physical,1,1,https://images.unsplash.com/photo-1493238792000-8113da705763?auto=format&fit=crop&w=800&q=80,DB Electrical,2022,Honda,Accord,https://images.unsplash.com/photo-1486262715619-67b85e0b08d3?auto=format&fit=crop&w=800&q=80|https://images.unsplash.com/photo-1492144534655-ae79c964c9d7?auto=format&fit=crop&w=800&q=80|https://images.unsplash.com/photo-1511919884226-fd3cad34687c?auto=format&fit=crop&w=800&q=80|https://images.unsplash.com/photo-1517524206127-48bbd363f3d7?auto=format&fit=crop&w=800&q=80|https://images.unsplash.com/photo-1519643381401-22c77e60520e?auto=format&fit=crop&w=800&q=80
,Starter Motor,155.99,189.99,Electrical,70,Heavy-duty starter motor for strong engine cranking performance.,New,physical,1,0,https://images.unsplash.com/photo-1511919884226-fd3cad34687c?auto=format&fit=crop&w=800&q=80,ACDelco,2020,Ford,F-150,https://images.unsplash.com/photo-1486262715619-67b85e0b08d3?auto=format&fit=crop&w=800&q=80|https://images.unsplash.com/photo-1492144534655-ae79c964c9d7?auto=format&fit=crop&w=800&q=80|https://images.unsplash.com/photo-1511919884226-fd3cad34687c?auto=format&fit=crop&w=800&q=80|https://images.unsplash.com/photo-1517524206127-48bbd363f3d7?auto=format&fit=crop&w=800&q=80|https://images.unsplash.com/photo-1519643381401-22c77e60520e?auto=format&fit=crop&w=800&q=80
,Spark Plug Set,32.99,44.99,Ignition,200,Iridium spark plugs for efficient combustion and smoother acceleration.,Hot,physical,1,1,https://images.unsplash.com/photo-1503376780353-7e6692767b70?auto=format&fit=crop&w=800&q=80,NGK,2021,Nissan,Sentra,https://images.unsplash.com/photo-1486262715619-67b85e0b08d3?auto=format&fit=crop&w=800&q=80|https://images.unsplash.com/photo-1492144534655-ae79c964c9d7?auto=format&fit=crop&w=800&q=80|https://images.unsplash.com/photo-1511919884226-fd3cad34687c?auto=format&fit=crop&w=800&q=80|https://images.unsplash.com/photo-1517524206127-48bbd363f3d7?auto=format&fit=crop&w=800&q=80|https://images.unsplash.com/photo-1519643381401-22c77e60520e?auto=format&fit=crop&w=800&q=80
,Brake Rotor,79.99,99.99,Brakes,140,Precision-machined brake rotor for consistent braking response.,Best Seller,physical,1,1,https://images.unsplash.com/photo-1486262715619-67b85e0b08d3?auto=format&fit=crop&w=800&q=80,Brembo,2020,Chevrolet,Impala,https://images.unsplash.com/photo-1486262715619-67b85e0b08d3?auto=format&fit=crop&w=800&q=80|https://images.unsplash.com/photo-1492144534655-ae79c964c9d7?auto=format&fit=crop&w=800&q=80|https://images.unsplash.com/photo-1511919884226-fd3cad34687c?auto=format&fit=crop&w=800&q=80|https://images.unsplash.com/photo-1517524206127-48bbd363f3d7?auto=format&fit=crop&w=800&q=80|https://images.unsplash.com/photo-1519643381401-22c77e60520e?auto=format&fit=crop&w=800&q=80
,Engine Mount,38.99,49.99,Engine,110,Durable engine mount to reduce vibration and improve ride comfort.,Sale,physical,1,0,https://images.unsplash.com/photo-1492144534655-ae79c964c9d7?auto=format&fit=crop&w=800&q=80,Energy Suspension,2022,Hyundai,Elantra,https://images.unsplash.com/photo-1486262715619-67b85e0b08d3?auto=format&fit=crop&w=800&q=80|https://images.unsplash.com/photo-1492144534655-ae79c964c9d7?auto=format&fit=crop&w=800&q=80|https://images.unsplash.com/photo-1511919884226-fd3cad34687c?auto=format&fit=crop&w=800&q=80|https://images.unsplash.com/photo-1517524206127-48bbd363f3d7?auto=format&fit=crop&w=800&q=80|https://images.unsplash.com/photo-1519643381401-22c77e60520e?auto=format&fit=crop&w=800&q=80
,Catalytic Converter,299.99,349.99,Exhaust,45,High-performance catalytic converter for emissions compliance and efficiency.,New,physical,1,1,https://images.unsplash.com/photo-1511919884226-fd3cad34687c?auto=format&fit=crop&w=800&q=80,Walker,2021,Jeep,Wrangler,https://images.unsplash.com/photo-1486262715619-67b85e0b08d3?auto=format&fit=crop&w=800&q=80|https://images.unsplash.com/photo-1492144534655-ae79c964c9d7?auto=format&fit=crop&w=800&q=80|https://images.unsplash.com/photo-1511919884226-fd3cad34687c?auto=format&fit=crop&w=800&q=80|https://images.unsplash.com/photo-1517524206127-48bbd363f3d7?auto=format&fit=crop&w=800&q=80|https://images.unsplash.com/photo-1519643381401-22c77e60520e?auto=format&fit=crop&w=800&q=80
,Serpentine Belt,24.99,34.99,Belts and Cooling,160,Long-lasting serpentine belt for dependable accessory drive performance.,Popular,physical,1,1,https://images.unsplash.com/photo-1494905998402-395d579af36f?auto=format&fit=crop&w=800&q=80,Gates,2020,Toyota,RAV4,https://images.unsplash.com/photo-1486262715619-67b85e0b08d3?auto=format&fit=crop&w=800&q=80|https://images.unsplash.com/photo-1492144534655-ae79c964c9d7?auto=format&fit=crop&w=800&q=80|https://images.unsplash.com/photo-1511919884226-fd3cad34687c?auto=format&fit=crop&w=800&q=80|https://images.unsplash.com/photo-1517524206127-48bbd363f3d7?auto=format&fit=crop&w=800&q=80|https://images.unsplash.com/photo-1519643381401-22c77e60520e?auto=format&fit=crop&w=800&q=80
,Water Pump,69.99,89.99,Belts and Cooling,95,Durable water pump for efficient coolant circulation and engine cooling.,Top Rated,physical,1,1,https://images.unsplash.com/photo-1517524206127-48bbd363f3d7?auto=format&fit=crop&w=800&q=80,Aisin,2022,Ford,Escape,https://images.unsplash.com/photo-1486262715619-67b85e0b08d3?auto=format&fit=crop&w=800&q=80|https://images.unsplash.com/photo-1492144534655-ae79c964c9d7?auto=format&fit=crop&w=800&q=80|https://images.unsplash.com/photo-1511919884226-fd3cad34687c?auto=format&fit=crop&w=800&q=80|https://images.unsplash.com/photo-1517524206127-48bbd363f3d7?auto=format&fit=crop&w=800&q=80|https://images.unsplash.com/photo-1519643381401-22c77e60520e?auto=format&fit=crop&w=800&q=80
,Control Arm,88.99,109.99,Steering,85,Robust control arm for improved steering stability and alignment.,Best Seller,physical,1,0,https://images.unsplash.com/photo-1486262715619-67b85e0b08d3?auto=format&fit=crop&w=800&q=80,Moog,2021,Subaru,Outback,https://images.unsplash.com/photo-1486262715619-67b85e0b08d3?auto=format&fit=crop&w=800&q=80|https://images.unsplash.com/photo-1492144534655-ae79c964c9d7?auto=format&fit=crop&w=800&q=80|https://images.unsplash.com/photo-1511919884226-fd3cad34687c?auto=format&fit=crop&w=800&q=80|https://images.unsplash.com/photo-1517524206127-48bbd363f3d7?auto=format&fit=crop&w=800&q=80|https://images.unsplash.com/photo-1519643381401-22c77e60520e?auto=format&fit=crop&w=800&q=80
,Head Gasket Kit,129.99,159.99,Engine,60,Complete head gasket kit for reliable engine sealing and repair.,Hot,physical,1,1,https://images.unsplash.com/photo-1519643381401-22c77e60520e?auto=format&fit=crop&w=800&q=80,Fel-Pro,2020,Dodge,Charger,https://images.unsplash.com/photo-1486262715619-67b85e0b08d3?auto=format&fit=crop&w=800&q=80|https://images.unsplash.com/photo-1492144534655-ae79c964c9d7?auto=format&fit=crop&w=800&q=80|https://images.unsplash.com/photo-1511919884226-fd3cad34687c?auto=format&fit=crop&w=800&q=80|https://images.unsplash.com/photo-1517524206127-48bbd363f3d7?auto=format&fit=crop&w=800&q=80|https://images.unsplash.com/photo-1519643381401-22c77e60520e?auto=format&fit=crop&w=800&q=80
,Fuel Pump,142.99,174.99,Air and Fuel Delivery,75,High-pressure fuel pump for dependable fuel delivery.,Popular,physical,1,1,https://images.unsplash.com/photo-1503376780353-7e6692767b70?auto=format&fit=crop&w=800&q=80,Walbro,2021,BMW,325i,https://images.unsplash.com/photo-1486262715619-67b85e0b08d3?auto=format&fit=crop&w=800&q=80|https://images.unsplash.com/photo-1492144534655-ae79c964c9d7?auto=format&fit=crop&w=800&q=80|https://images.unsplash.com/photo-1511919884226-fd3cad34687c?auto=format&fit=crop&w=800&q=80|https://images.unsplash.com/photo-1517524206127-48bbd363f3d7?auto=format&fit=crop&w=800&q=80|https://images.unsplash.com/photo-1519643381401-22c77e60520e?auto=format&fit=crop&w=800&q=80
,Windshield Wiper Set,19.99,24.99,Lighting,130,All-weather wiper set for clear visibility in rain and snow.,Sale,physical,1,0,https://images.unsplash.com/photo-1492144534655-ae79c964c9d7?auto=format&fit=crop&w=800&q=80,Michelin,2022,Mercedes,C-Class,https://images.unsplash.com/photo-1486262715619-67b85e0b08d3?auto=format&fit=crop&w=800&q=80|https://images.unsplash.com/photo-1492144534655-ae79c964c9d7?auto=format&fit=crop&w=800&q=80|https://images.unsplash.com/photo-1511919884226-fd3cad34687c?auto=format&fit=crop&w=800&q=80|https://images.unsplash.com/photo-1517524206127-48bbd363f3d7?auto=format&fit=crop&w=800&q=80|https://images.unsplash.com/photo-1519643381401-22c77e60520e?auto=format&fit=crop&w=800&q=80
,Transmission Filter,34.99,44.99,Driveline and Axles,90,Replacement transmission filter for smooth shifting and long service life.,New,physical,1,1,https://images.unsplash.com/photo-1519643381401-22c77e60520e?auto=format&fit=crop&w=800&q=80,ACDelco,2022,Toyota,Prius,https://images.unsplash.com/photo-1486262715619-67b85e0b08d3?auto=format&fit=crop&w=800&q=80|https://images.unsplash.com/photo-1492144534655-ae79c964c9d7?auto=format&fit=crop&w=800&q=80|https://images.unsplash.com/photo-1511919884226-fd3cad34687c?auto=format&fit=crop&w=800&q=80|https://images.unsplash.com/photo-1517524206127-48bbd363f3d7?auto=format&fit=crop&w=800&q=80|https://images.unsplash.com/photo-1519643381401-22c77e60520e?auto=format&fit=crop&w=800&q=80
,Battery,159.99,189.99,Electrical,50,Dependable battery for strong starts and reliable power delivery.,Best Seller,physical,1,1,https://images.unsplash.com/photo-1493238792000-8113da705763?auto=format&fit=crop&w=800&q=80,Optima,2021,Ford,Mustang,https://images.unsplash.com/photo-1486262715619-67b85e0b08d3?auto=format&fit=crop&w=800&q=80|https://images.unsplash.com/photo-1492144534655-ae79c964c9d7?auto=format&fit=crop&w=800&q=80|https://images.unsplash.com/photo-1511919884226-fd3cad34687c?auto=format&fit=crop&w=800&q=80|https://images.unsplash.com/photo-1517524206127-48bbd363f3d7?auto=format&fit=crop&w=800&q=80|https://images.unsplash.com/photo-1519643381401-22c77e60520e?auto=format&fit=crop&w=800&q=80
,Brake Caliper,128.99,154.99,Brakes,80,Precision brake caliper for responsive and consistent braking.,Popular,physical,1,1,https://images.unsplash.com/photo-1486262715619-67b85e0b08d3?auto=format&fit=crop&w=800&q=80,Power Stop,2020,Honda,Civic,https://images.unsplash.com/photo-1486262715619-67b85e0b08d3?auto=format&fit=crop&w=800&q=80|https://images.unsplash.com/photo-1492144534655-ae79c964c9d7?auto=format&fit=crop&w=800&q=80|https://images.unsplash.com/photo-1511919884226-fd3cad34687c?auto=format&fit=crop&w=800&q=80|https://images.unsplash.com/photo-1517524206127-48bbd363f3d7?auto=format&fit=crop&w=800&q=80|https://images.unsplash.com/photo-1519643381401-22c77e60520e?auto=format&fit=crop&w=800&q=80
,Timing Belt Kit,54.99,69.99,Belts and Cooling,110,Complete timing belt kit for accurate engine timing and reliability.,Hot,physical,1,1,https://images.unsplash.com/photo-1517524206127-48bbd363f3d7?auto=format&fit=crop&w=800&q=80,Gates,2021,Nissan,Altima,https://images.unsplash.com/photo-1486262715619-67b85e0b08d3?auto=format&fit=crop&w=800&q=80|https://images.unsplash.com/photo-1492144534655-ae79c964c9d7?auto=format&fit=crop&w=800&q=80|https://images.unsplash.com/photo-1511919884226-fd3cad34687c?auto=format&fit=crop&w=800&q=80|https://images.unsplash.com/photo-1517524206127-48bbd363f3d7?auto=format&fit=crop&w=800&q=80|https://images.unsplash.com/photo-1519643381401-22c77e60520e?auto=format&fit=crop&w=800&q=80
,Radiator,139.99,169.99,Belts and Cooling,65,Efficient radiator for dependable engine cooling and heat control.,Top Rated,physical,1,1,https://images.unsplash.com/photo-1492144534655-ae79c964c9d7?auto=format&fit=crop&w=800&q=80,CSF,2022,Chevrolet,Corvette,https://images.unsplash.com/photo-1486262715619-67b85e0b08d3?auto=format&fit=crop&w=800&q=80|https://images.unsplash.com/photo-1492144534655-ae79c964c9d7?auto=format&fit=crop&w=800&q=80|https://images.unsplash.com/photo-1511919884226-fd3cad34687c?auto=format&fit=crop&w=800&q=80|https://images.unsplash.com/photo-1517524206127-48bbd363f3d7?auto=format&fit=crop&w=800&q=80|https://images.unsplash.com/photo-1519643381401-22c77e60520e?auto=format&fit=crop&w=800&q=80
,Power Steering Pump,124.99,149.99,Steering,75,Reliable power steering pump for smooth steering response.,New,physical,1,1,https://images.unsplash.com/photo-1519643381401-22c77e60520e?auto=format&fit=crop&w=800&q=80,TRW,2020,Subaru,Impreza,https://images.unsplash.com/photo-1486262715619-67b85e0b08d3?auto=format&fit=crop&w=800&q=80|https://images.unsplash.com/photo-1492144534655-ae79c964c9d7?auto=format&fit=crop&w=800&q=80|https://images.unsplash.com/photo-1511919884226-fd3cad34687c?auto=format&fit=crop&w=800&q=80|https://images.unsplash.com/photo-1517524206127-48bbd363f3d7?auto=format&fit=crop&w=800&q=80|https://images.unsplash.com/photo-1519643381401-22c77e60520e?auto=format&fit=crop&w=800&q=80
,Exhaust Pipe,88.99,109.99,Exhaust,55,Durable exhaust pipe for efficient exhaust flow and sound control.,Sale,physical,1,0,https://images.unsplash.com/photo-1494905998402-395d579af36f?auto=format&fit=crop&w=800&q=80,Magnaflow,2021,Jeep,Grand Cherokee,https://images.unsplash.com/photo-1486262715619-67b85e0b08d3?auto=format&fit=crop&w=800&q=80|https://images.unsplash.com/photo-1492144534655-ae79c964c9d7?auto=format&fit=crop&w=800&q=80|https://images.unsplash.com/photo-1511919884226-fd3cad34687c?auto=format&fit=crop&w=800&q=80|https://images.unsplash.com/photo-1517524206127-48bbd363f3d7?auto=format&fit=crop&w=800&q=80|https://images.unsplash.com/photo-1519643381401-22c77e60520e?auto=format&fit=crop&w=800&q=80
,Turbocharger,399.99,459.99,Air and Fuel Delivery,30,High-performance turbocharger for improved boost and power output.,New,physical,1,1,https://images.unsplash.com/photo-1503376780353-7e6692767b70?auto=format&fit=crop&w=800&q=80,BorgWarner,2022,Toyota,Supra,https://images.unsplash.com/photo-1486262715619-67b85e0b08d3?auto=format&fit=crop&w=800&q=80|https://images.unsplash.com/photo-1492144534655-ae79c964c9d7?auto=format&fit=crop&w=800&q=80|https://images.unsplash.com/photo-1511919884226-fd3cad34687c?auto=format&fit=crop&w=800&q=80|https://images.unsplash.com/photo-1517524206127-48bbd363f3d7?auto=format&fit=crop&w=800&q=80|https://images.unsplash.com/photo-1519643381401-22c77e60520e?auto=format&fit=crop&w=800&q=80
,Mass Air Flow Sensor,59.99,74.99,Air and Fuel Delivery,95,Accurate MAF sensor for optimized airflow and engine performance.,Popular,physical,1,1,https://images.unsplash.com/photo-1493238792000-8113da705763?auto=format&fit=crop&w=800&q=80,Standard,2021,Honda,Civic,https://images.unsplash.com/photo-1486262715619-67b85e0b08d3?auto=format&fit=crop&w=800&q=80|https://images.unsplash.com/photo-1492144534655-ae79c964c9d7?auto=format&fit=crop&w=800&q=80|https://images.unsplash.com/photo-1511919884226-fd3cad34687c?auto=format&fit=crop&w=800&q=80|https://images.unsplash.com/photo-1517524206127-48bbd363f3d7?auto=format&fit=crop&w=800&q=80|https://images.unsplash.com/photo-1519643381401-22c77e60520e?auto=format&fit=crop&w=800&q=80
,Clutch Kit,219.99,259.99,Driveline and Axles,45,Complete clutch kit for smooth engagement and dependable drivability.,Best Seller,physical,1,1,https://images.unsplash.com/photo-1486262715619-67b85e0b08d3?auto=format&fit=crop&w=800&q=80, Sachs,2020,Chevrolet,Camaro,https://images.unsplash.com/photo-1486262715619-67b85e0b08d3?auto=format&fit=crop&w=800&q=80|https://images.unsplash.com/photo-1492144534655-ae79c964c9d7?auto=format&fit=crop&w=800&q=80|https://images.unsplash.com/photo-1511919884226-fd3cad34687c?auto=format&fit=crop&w=800&q=80|https://images.unsplash.com/photo-1517524206127-48bbd363f3d7?auto=format&fit=crop&w=800&q=80|https://images.unsplash.com/photo-1519643381401-22c77e60520e?auto=format&fit=crop&w=800&q=80
,Brake Master Cylinder,84.99,99.99,Brakes,70,Reliable brake master cylinder for strong pedal feel and braking power.,Hot,physical,1,1,https://images.unsplash.com/photo-1492144534655-ae79c964c9d7?auto=format&fit=crop&w=800&q=80,ACDelco,2021,Ford,Focus,https://images.unsplash.com/photo-1486262715619-67b85e0b08d3?auto=format&fit=crop&w=800&q=80|https://images.unsplash.com/photo-1492144534655-ae79c964c9d7?auto=format&fit=crop&w=800&q=80|https://images.unsplash.com/photo-1511919884226-fd3cad34687c?auto=format&fit=crop&w=800&q=80|https://images.unsplash.com/photo-1517524206127-48bbd363f3d7?auto=format&fit=crop&w=800&q=80|https://images.unsplash.com/photo-1519643381401-22c77e60520e?auto=format&fit=crop&w=800&q=80
,Strut Assembly,129.99,154.99,Steering,60,Complete strut assembly for improved ride control and handling.,Top Rated,physical,1,1,https://images.unsplash.com/photo-1517524206127-48bbd363f3d7?auto=format&fit=crop&w=800&q=80,Monroe,2022,Hyundai,Sonata,https://images.unsplash.com/photo-1486262715619-67b85e0b08d3?auto=format&fit=crop&w=800&q=80|https://images.unsplash.com/photo-1492144534655-ae79c964c9d7?auto=format&fit=crop&w=800&q=80|https://images.unsplash.com/photo-1511919884226-fd3cad34687c?auto=format&fit=crop&w=800&q=80|https://images.unsplash.com/photo-1517524206127-48bbd363f3d7?auto=format&fit=crop&w=800&q=80|https://images.unsplash.com/photo-1519643381401-22c77e60520e?auto=format&fit=crop&w=800&q=80
,PCV Valve,11.99,14.99,Engine,140,Durable PCV valve for efficient crankcase ventilation and engine health.,Sale,physical,1,0,https://images.unsplash.com/photo-1519643381401-22c77e60520e?auto=format&fit=crop&w=800&q=80,Motorcraft,2020,Nissan,Maxima,https://images.unsplash.com/photo-1486262715619-67b85e0b08d3?auto=format&fit=crop&w=800&q=80|https://images.unsplash.com/photo-1492144534655-ae79c964c9d7?auto=format&fit=crop&w=800&q=80|https://images.unsplash.com/photo-1511919884226-fd3cad34687c?auto=format&fit=crop&w=800&q=80|https://images.unsplash.com/photo-1517524206127-48bbd363f3d7?auto=format&fit=crop&w=800&q=80|https://images.unsplash.com/photo-1519643381401-22c77e60520e?auto=format&fit=crop&w=800&q=80
,Oxygen Sensor,39.99,49.99,Exhaust,110,Premium oxygen sensor for accurate emissions monitoring and fuel efficiency.,Popular,physical,1,1,https://images.unsplash.com/photo-1494905998402-395d579af36f?auto=format&fit=crop&w=800&q=80,Denso,2021,Jeep,Wrangler,https://images.unsplash.com/photo-1486262715619-67b85e0b08d3?auto=format&fit=crop&w=800&q=80|https://images.unsplash.com/photo-1492144534655-ae79c964c9d7?auto=format&fit=crop&w=800&q=80|https://images.unsplash.com/photo-1511919884226-fd3cad34687c?auto=format&fit=crop&w=800&q=80|https://images.unsplash.com/photo-1517524206127-48bbd363f3d7?auto=format&fit=crop&w=800&q=80|https://images.unsplash.com/photo-1519643381401-22c77e60520e?auto=format&fit=crop&w=800&q=80
,Ignition Coil,47.99,59.99,Ignition,105,High-output ignition coil for stronger spark and smoother idle.,New,physical,1,1,https://images.unsplash.com/photo-1503376780353-7e6692767b70?auto=format&fit=crop&w=800&q=80,NGK,2022,Toyota,Camry,https://images.unsplash.com/photo-1486262715619-67b85e0b08d3?auto=format&fit=crop&w=800&q=80|https://images.unsplash.com/photo-1492144534655-ae79c964c9d7?auto=format&fit=crop&w=800&q=80|https://images.unsplash.com/photo-1511919884226-fd3cad34687c?auto=format&fit=crop&w=800&q=80|https://images.unsplash.com/photo-1517524206127-48bbd363f3d7?auto=format&fit=crop&w=800&q=80|https://images.unsplash.com/photo-1519643381401-22c77e60520e?auto=format&fit=crop&w=800&q=80
,Brake Pad Wear Sensor,15.99,19.99,Brakes,80,Reliable brake wear sensor for early warning and safety.,Sale,physical,1,0,https://images.unsplash.com/photo-1486262715619-67b85e0b08d3?auto=format&fit=crop&w=800&q=80,OEM,2021,Honda,Accord,https://images.unsplash.com/photo-1486262715619-67b85e0b08d3?auto=format&fit=crop&w=800&q=80|https://images.unsplash.com/photo-1492144534655-ae79c964c9d7?auto=format&fit=crop&w=800&q=80|https://images.unsplash.com/photo-1511919884226-fd3cad34687c?auto=format&fit=crop&w=800&q=80|https://images.unsplash.com/photo-1517524206127-48bbd363f3d7?auto=format&fit=crop&w=800&q=80|https://images.unsplash.com/photo-1519643381401-22c77e60520e?auto=format&fit=crop&w=800&q=80
,Lower Ball Joint,67.99,82.99,Steering,65,Durable lower ball joint for stable steering and suspension control.,Top Rated,physical,1,1,https://images.unsplash.com/photo-1517524206127-48bbd363f3d7?auto=format&fit=crop&w=800&q=80,Moog,2020,Ford,F-150,https://images.unsplash.com/photo-1486262715619-67b85e0b08d3?auto=format&fit=crop&w=800&q=80|https://images.unsplash.com/photo-1492144534655-ae79c964c9d7?auto=format&fit=crop&w=800&q=80|https://images.unsplash.com/photo-1511919884226-fd3cad34687c?auto=format&fit=crop&w=800&q=80|https://images.unsplash.com/photo-1517524206127-48bbd363f3d7?auto=format&fit=crop&w=800&q=80|https://images.unsplash.com/photo-1519643381401-22c77e60520e?auto=format&fit=crop&w=800&q=80
,Drive Belt Tensioner,38.99,49.99,Belts and Cooling,90,Dependable tensioner for proper belt alignment and performance.,Popular,physical,1,1,https://images.unsplash.com/photo-1519643381401-22c77e60520e?auto=format&fit=crop&w=800&q=80,Gates,2021,Nissan,Altima,https://images.unsplash.com/photo-1486262715619-67b85e0b08d3?auto=format&fit=crop&w=800&q=80|https://images.unsplash.com/photo-1492144534655-ae79c964c9d7?auto=format&fit=crop&w=800&q=80|https://images.unsplash.com/photo-1511919884226-fd3cad34687c?auto=format&fit=crop&w=800&q=80|https://images.unsplash.com/photo-1517524206127-48bbd363f3d7?auto=format&fit=crop&w=800&q=80|https://images.unsplash.com/photo-1519643381401-22c77e60520e?auto=format&fit=crop&w=800&q=80
,Front Brake Pad Set,44.99,59.99,Brakes,110,Front axle brake pad set for dependable stopping power and smooth braking.,New,physical,1,1,https://images.unsplash.com/photo-1486262715619-67b85e0b08d3?auto=format&fit=crop&w=800&q=80,TRW,2022,Honda,CR-V,https://images.unsplash.com/photo-1486262715619-67b85e0b08d3?auto=format&fit=crop&w=800&q=80|https://images.unsplash.com/photo-1492144534655-ae79c964c9d7?auto=format&fit=crop&w=800&q=80|https://images.unsplash.com/photo-1511919884226-fd3cad34687c?auto=format&fit=crop&w=800&q=80|https://images.unsplash.com/photo-1517524206127-48bbd363f3d7?auto=format&fit=crop&w=800&q=80|https://images.unsplash.com/photo-1519643381401-22c77e60520e?auto=format&fit=crop&w=800&q=80
,Rear Brake Pad Set,41.99,54.99,Brakes,105,Rear axle brake pad set for balanced braking and dependable control.,Best Seller,physical,1,1,https://images.unsplash.com/photo-1492144534655-ae79c964c9d7?auto=format&fit=crop&w=800&q=80,Brembo,2021,Toyota,RAV4,https://images.unsplash.com/photo-1486262715619-67b85e0b08d3?auto=format&fit=crop&w=800&q=80|https://images.unsplash.com/photo-1492144534655-ae79c964c9d7?auto=format&fit=crop&w=800&q=80|https://images.unsplash.com/photo-1511919884226-fd3cad34687c?auto=format&fit=crop&w=800&q=80|https://images.unsplash.com/photo-1517524206127-48bbd363f3d7?auto=format&fit=crop&w=800&q=80|https://images.unsplash.com/photo-1519643381401-22c77e60520e?auto=format&fit=crop&w=800&q=80
,Front Strut,118.99,139.99,Steering,55,Front strut assembly for improved damping and ride comfort.,Popular,physical,1,1,https://images.unsplash.com/photo-1517524206127-48bbd363f3d7?auto=format&fit=crop&w=800&q=80,KYB,2022,Ford,Explorer,https://images.unsplash.com/photo-1486262715619-67b85e0b08d3?auto=format&fit=crop&w=800&q=80|https://images.unsplash.com/photo-1492144534655-ae79c964c9d7?auto=format&fit=crop&w=800&q=80|https://images.unsplash.com/photo-1511919884226-fd3cad34687c?auto=format&fit=crop&w=800&q=80|https://images.unsplash.com/photo-1517524206127-48bbd363f3d7?auto=format&fit=crop&w=800&q=80|https://images.unsplash.com/photo-1519643381401-22c77e60520e?auto=format&fit=crop&w=800&q=80
,Rear Shock Absorber,76.99,94.99,Steering,70,Rear shock absorber for stable handling and smooth road feel.,Top Rated,physical,1,1,https://images.unsplash.com/photo-1494905998402-395d579af36f?auto=format&fit=crop&w=800&q=80,Gas-a-Just,2021,Nissan,Rogue,https://images.unsplash.com/photo-1486262715619-67b85e0b08d3?auto=format&fit=crop&w=800&q=80|https://images.unsplash.com/photo-1492144534655-ae79c964c9d7?auto=format&fit=crop&w=800&q=80|https://images.unsplash.com/photo-1511919884226-fd3cad34687c?auto=format&fit=crop&w=800&q=80|https://images.unsplash.com/photo-1517524206127-48bbd363f3d7?auto=format&fit=crop&w=800&q=80|https://images.unsplash.com/photo-1519643381401-22c77e60520e?auto=format&fit=crop&w=800&q=80
,Engine Oil,19.99,24.99,Engine,180,High-quality engine oil for lubrication and engine performance.,Sale,physical,1,1,https://images.unsplash.com/photo-1519643381401-22c77e60520e?auto=format&fit=crop&w=800&q=80,Castrol,2022,Chevrolet,Silverado,https://images.unsplash.com/photo-1486262715619-67b85e0b08d3?auto=format&fit=crop&w=800&q=80|https://images.unsplash.com/photo-1492144534655-ae79c964c9d7?auto=format&fit=crop&w=800&q=80|https://images.unsplash.com/photo-1511919884226-fd3cad34687c?auto=format&fit=crop&w=800&q=80|https://images.unsplash.com/photo-1517524206127-48bbd363f3d7?auto=format&fit=crop&w=800&q=80|https://images.unsplash.com/photo-1519643381401-22c77e60520e?auto=format&fit=crop&w=800&q=80
,Battery 700 CCA,89.99,119.99,Electrical,48,Maintenance-free battery with strong cold-start performance.,New,physical,1,1,https://images.unsplash.com/photo-1493238792000-8113da705763?auto=format&fit=crop&w=800&q=80,Optima,2023,Ford,F-150,https://images.unsplash.com/photo-1486262715619-67b85e0b08d3?auto=format&fit=crop&w=800&q=80|https://images.unsplash.com/photo-1492144534655-ae79c964c9d7?auto=format&fit=crop&w=800&q=80|https://images.unsplash.com/photo-1511919884226-fd3cad34687c?auto=format&fit=crop&w=800&q=80|https://images.unsplash.com/photo-1517524206127-48bbd363f3d7?auto=format&fit=crop&w=800&q=80|https://images.unsplash.com/photo-1519643381401-22c77e60520e?auto=format&fit=crop&w=800&q=80
,Alternator 120A,129.99,159.99,Electrical,26,Reliable alternator for steady charging and smooth electrical operation.,Popular,physical,1,1,https://images.unsplash.com/photo-1503376780353-7e6692767b70?auto=format&fit=crop&w=800&q=80,Denso,2022,Toyota,Camry,https://images.unsplash.com/photo-1486262715619-67b85e0b08d3?auto=format&fit=crop&w=800&q=80|https://images.unsplash.com/photo-1492144534655-ae79c964c9d7?auto=format&fit=crop&w=800&q=80|https://images.unsplash.com/photo-1511919884226-fd3cad34687c?auto=format&fit=crop&w=800&q=80|https://images.unsplash.com/photo-1517524206127-48bbd363f3d7?auto=format&fit=crop&w=800&q=80|https://images.unsplash.com/photo-1519643381401-22c77e60520e?auto=format&fit=crop&w=800&q=80
,Spark Plug Set,18.99,24.99,Engine,90,Set of four premium spark plugs for efficient ignition and fuel economy.,Best Seller,physical,1,1,https://images.unsplash.com/photo-1494905998402-395d579af36f?auto=format&fit=crop&w=800&q=80,NGK,2021,Honda,Accord,https://images.unsplash.com/photo-1486262715619-67b85e0b08d3?auto=format&fit=crop&w=800&q=80|https://images.unsplash.com/photo-1492144534655-ae79c964c9d7?auto=format&fit=crop&w=800&q=80|https://images.unsplash.com/photo-1511919884226-fd3cad34687c?auto=format&fit=crop&w=800&q=80|https://images.unsplash.com/photo-1517524206127-48bbd363f3d7?auto=format&fit=crop&w=800&q=80|https://images.unsplash.com/photo-1519643381401-22c77e60520e?auto=format&fit=crop&w=800&q=80
,Radiator Hose,29.99,39.99,Cooling,35,Durable radiator hose for dependable coolant flow and temperature control.,Popular,physical,1,1,https://images.unsplash.com/photo-1519643381401-22c77e60520e?auto=format&fit=crop&w=800&q=80,Gates,2022,Chevrolet,Malibu,https://images.unsplash.com/photo-1486262715619-67b85e0b08d3?auto=format&fit=crop&w=800&q=80|https://images.unsplash.com/photo-1492144534655-ae79c964c9d7?auto=format&fit=crop&w=800&q=80|https://images.unsplash.com/photo-1511919884226-fd3cad34687c?auto=format&fit=crop&w=800&q=80|https://images.unsplash.com/photo-1517524206127-48bbd363f3d7?auto=format&fit=crop&w=800&q=80|https://images.unsplash.com/photo-1519643381401-22c77e60520e?auto=format&fit=crop&w=800&q=80
,Wheel Bearing Kit,67.99,84.99,Suspension,29,Wheel bearing kit for smoother rotation and reduced play.,Top Rated,physical,1,1,https://images.unsplash.com/photo-1493238792000-8113da705763?auto=format&fit=crop&w=800&q=80,SKF,2023,Mazda,CX-5,https://images.unsplash.com/photo-1486262715619-67b85e0b08d3?auto=format&fit=crop&w=800&q=80|https://images.unsplash.com/photo-1492144534655-ae79c964c9d7?auto=format&fit=crop&w=800&q=80|https://images.unsplash.com/photo-1511919884226-fd3cad34687c?auto=format&fit=crop&w=800&q=80|https://images.unsplash.com/photo-1517524206127-48bbd363f3d7?auto=format&fit=crop&w=800&q=80|https://images.unsplash.com/photo-1519643381401-22c77e60520e?auto=format&fit=crop&w=800&q=80
,Brake Rotor Front,79.99,99.99,Brakes,42,"Precision-machined brake rotor for smooth, quiet stopping performance.",Popular,physical,1,1,https://images.unsplash.com/photo-1503736334956-4c8f8e92946d?auto=format&fit=crop&w=800&q=80,Power Stop,2022,Ford,Mustang,https://images.unsplash.com/photo-1486262715619-67b85e0b08d3?auto=format&fit=crop&w=800&q=80|https://images.unsplash.com/photo-1492144534655-ae79c964c9d7?auto=format&fit=crop&w=800&q=80|https://images.unsplash.com/photo-1511919884226-fd3cad34687c?auto=format&fit=crop&w=800&q=80|https://images.unsplash.com/photo-1517524206127-48bbd363f3d7?auto=format&fit=crop&w=800&q=80|https://images.unsplash.com/photo-1519643381401-22c77e60520e?auto=format&fit=crop&w=800&q=80
,Brake Rotor Rear,74.99,92.99,Brakes,38,Reliable rear rotor for balanced braking and durability.,New,physical,1,1,https://images.unsplash.com/photo-1519643381401-22c77e60520e?auto=format&fit=crop&w=800&q=80,TRW,2023,Honda,Civic,https://images.unsplash.com/photo-1486262715619-67b85e0b08d3?auto=format&fit=crop&w=800&q=80|https://images.unsplash.com/photo-1492144534655-ae79c964c9d7?auto=format&fit=crop&w=800&q=80|https://images.unsplash.com/photo-1511919884226-fd3cad34687c?auto=format&fit=crop&w=800&q=80|https://images.unsplash.com/photo-1517524206127-48bbd363f3d7?auto=format&fit=crop&w=800&q=80|https://images.unsplash.com/photo-1494905998402-395d579af36f?auto=format&fit=crop&w=800&q=80
,Air Filter,16.99,22.99,Engine,64,High-flow air filter for improved airflow and engine protection.,Best Seller,physical,1,1,https://images.unsplash.com/photo-1494905998402-395d579af36f?auto=format&fit=crop&w=800&q=80,K&N,2021,Toyota,Corolla,https://images.unsplash.com/photo-1486262715619-67b85e0b08d3?auto=format&fit=crop&w=800&q=80|https://images.unsplash.com/photo-1492144534655-ae79c964c9d7?auto=format&fit=crop&w=800&q=80|https://images.unsplash.com/photo-1511919884226-fd3cad34687c?auto=format&fit=crop&w=800&q=80|https://images.unsplash.com/photo-1517524206127-48bbd363f3d7?auto=format&fit=crop&w=800&q=80|https://images.unsplash.com/photo-1519643381401-22c77e60520e?auto=format&fit=crop&w=800&q=80
,Cabin Air Filter,12.99,17.99,Interior,58,"Clean cabin air with a reliable, easy-fit filter replacement.",Popular,physical,1,1,https://images.unsplash.com/photo-1493238792000-8113da705763?auto=format&fit=crop&w=800&q=80,MANN-FILTER,2023,Nissan,Sentra,https://images.unsplash.com/photo-1486262715619-67b85e0b08d3?auto=format&fit=crop&w=800&q=80|https://images.unsplash.com/photo-1492144534655-ae79c964c9d7?auto=format&fit=crop&w=800&q=80|https://images.unsplash.com/photo-1511919884226-fd3cad34687c?auto=format&fit=crop&w=800&q=80|https://images.unsplash.com/photo-1517524206127-48bbd363f3d7?auto=format&fit=crop&w=800&q=80|https://images.unsplash.com/photo-1494905998402-395d579af36f?auto=format&fit=crop&w=800&q=80
,Wiper Blade Set,24.99,31.99,Exterior,44,All-weather wiper blades for clear visibility in rain.,Top Rated,physical,1,1,https://images.unsplash.com/photo-1503376780353-7e6692767b70?auto=format&fit=crop&w=800&q=80,Bosch,2022,Chevrolet,Impala,https://images.unsplash.com/photo-1486262715619-67b85e0b08d3?auto=format&fit=crop&w=800&q=80|https://images.unsplash.com/photo-1492144534655-ae79c964c9d7?auto=format&fit=crop&w=800&q=80|https://images.unsplash.com/photo-1511919884226-fd3cad34687c?auto=format&fit=crop&w=800&q=80|https://images.unsplash.com/photo-1517524206127-48bbd363f3d7?auto=format&fit=crop&w=800&q=80|https://images.unsplash.com/photo-1519643381401-22c77e60520e?auto=format&fit=crop&w=800&q=80
,Headlight Assembly,129.99,159.99,Lighting,27,"Replacement headlight assembly with bright, durable output.",Popular,physical,1,1,https://images.unsplash.com/photo-1511919884226-fd3cad34687c?auto=format&fit=crop&w=800&q=80,Osram,2023,Jeep,Wrangler,https://images.unsplash.com/photo-1486262715619-67b85e0b08d3?auto=format&fit=crop&w=800&q=80|https://images.unsplash.com/photo-1492144534655-ae79c964c9d7?auto=format&fit=crop&w=800&q=80|https://images.unsplash.com/photo-1517524206127-48bbd363f3d7?auto=format&fit=crop&w=800&q=80|https://images.unsplash.com/photo-1519643381401-22c77e60520e?auto=format&fit=crop&w=800&q=80|https://images.unsplash.com/photo-1494905998402-395d579af36f?auto=format&fit=crop&w=800&q=80
,Fog Light Kit,39.99,49.99,Lighting,18,Dual fog light kit for improved visibility in poor weather.,New,physical,1,1,https://images.unsplash.com/photo-1517524206127-48bbd363f3d7?auto=format&fit=crop&w=800&q=80,Hella,2021,BMW,X5,https://images.unsplash.com/photo-1486262715619-67b85e0b08d3?auto=format&fit=crop&w=800&q=80|https://images.unsplash.com/photo-1492144534655-ae79c964c9d7?auto=format&fit=crop&w=800&q=80|https://images.unsplash.com/photo-1511919884226-fd3cad34687c?auto=format&fit=crop&w=800&q=80|https://images.unsplash.com/photo-1519643381401-22c77e60520e?auto=format&fit=crop&w=800&q=80|https://images.unsplash.com/photo-1493238792000-8113da705763?auto=format&fit=crop&w=800&q=80
,Battery Terminal Clamp,14.99,19.99,Electrical,33,Corrosion-resistant clamp for secure battery connections.,Sale,physical,1,1,https://images.unsplash.com/photo-1486262715619-67b85e0b08d3?auto=format&fit=crop&w=800&q=80,ACDelco,2022,Subaru,Outback,https://images.unsplash.com/photo-1486262715619-67b85e0b08d3?auto=format&fit=crop&w=800&q=80|https://images.unsplash.com/photo-1492144534655-ae79c964c9d7?auto=format&fit=crop&w=800&q=80|https://images.unsplash.com/photo-1511919884226-fd3cad34687c?auto=format&fit=crop&w=800&q=80|https://images.unsplash.com/photo-1517524206127-48bbd363f3d7?auto=format&fit=crop&w=800&q=80|https://images.unsplash.com/photo-1494905998402-395d579af36f?auto=format&fit=crop&w=800&q=80
,Tie Rod End,45.99,57.99,Steering,22,Durable tie rod end for accurate steering response.,Popular,physical,1,1,https://images.unsplash.com/photo-1503736334956-4c8f8e92946d?auto=format&fit=crop&w=800&q=80,Mevotech,2023,Hyundai,Elantra,https://images.unsplash.com/photo-1486262715619-67b85e0b08d3?auto=format&fit=crop&w=800&q=80|https://images.unsplash.com/photo-1492144534655-ae79c964c9d7?auto=format&fit=crop&w=800&q=80|https://images.unsplash.com/photo-1511919884226-fd3cad34687c?auto=format&fit=crop&w=800&q=80|https://images.unsplash.com/photo-1517524206127-48bbd363f3d7?auto=format&fit=crop&w=800&q=80|https://images.unsplash.com/photo-1519643381401-22c77e60520e?auto=format&fit=crop&w=800&q=80
,Control Arm Bushing,27.99,35.99,Suspension,31,Comfort and stability support with a durable rubber bushing.,Top Rated,physical,1,1,https://images.unsplash.com/photo-1493238792000-8113da705763?auto=format&fit=crop&w=800&q=80,Energy Suspension,2022,Volkswagen,Jetta,https://images.unsplash.com/photo-1486262715619-67b85e0b08d3?auto=format&fit=crop&w=800&q=80|https://images.unsplash.com/photo-1492144534655-ae79c964c9d7?auto=format&fit=crop&w=800&q=80|https://images.unsplash.com/photo-1511919884226-fd3cad34687c?auto=format&fit=crop&w=800&q=80|https://images.unsplash.com/photo-1517524206127-48bbd363f3d7?auto=format&fit=crop&w=800&q=80|https://images.unsplash.com/photo-1494905998402-395d579af36f?auto=format&fit=crop&w=800&q=80
,Rear View Mirror,29.99,39.99,Interior,35,Replacement rear view mirror with durable housing and clear view.,Popular,physical,1,1,https://images.unsplash.com/photo-1503736334956-4c8f8e92946d?auto=format&fit=crop&w=800&q=80,Valeo,2022,Mazda,CX-9,https://images.unsplash.com/photo-1486262715619-67b85e0b08d3?auto=format&fit=crop&w=800&q=80|https://images.unsplash.com/photo-1492144534655-ae79c964c9d7?auto=format&fit=crop&w=800&q=80|https://images.unsplash.com/photo-1511919884226-fd3cad34687c?auto=format&fit=crop&w=800&q=80|https://images.unsplash.com/photo-1517524206127-48bbd363f3d7?auto=format&fit=crop&w=800&q=80|https://images.unsplash.com/photo-1494905998402-395d579af36f?auto=format&fit=crop&w=800&q=80
,Door Handle Exterior,34.99,44.99,Body,41,Exterior door handle for reliable access and smooth operation.,New,physical,1,1,https://images.unsplash.com/photo-1493238792000-8113da705763?auto=format&fit=crop&w=800&q=80,Dorman,2023,Lexus,ES 300,https://images.unsplash.com/photo-1486262715619-67b85e0b08d3?auto=format&fit=crop&w=800&q=80|https://images.unsplash.com/photo-1492144534655-ae79c964c9d7?auto=format&fit=crop&w=800&q=80|https://images.unsplash.com/photo-1511919884226-fd3cad34687c?auto=format&fit=crop&w=800&q=80|https://images.unsplash.com/photo-1517524206127-48bbd363f3d7?auto=format&fit=crop&w=800&q=80|https://images.unsplash.com/photo-1519643381401-22c77e60520e?auto=format&fit=crop&w=800&q=80
,Window Regulator,69.99,89.99,Body,19,Power window regulator for smooth and dependable operation.,Top Rated,physical,1,1,https://images.unsplash.com/photo-1503376780353-7e6692767b70?auto=format&fit=crop&w=800&q=80,A1 Cardone,2021,Volkswagen,Passat,https://images.unsplash.com/photo-1486262715619-67b85e0b08d3?auto=format&fit=crop&w=800&q=80|https://images.unsplash.com/photo-1492144534655-ae79c964c9d7?auto=format&fit=crop&w=800&q=80|https://images.unsplash.com/photo-1511919884226-fd3cad34687c?auto=format&fit=crop&w=800&q=80|https://images.unsplash.com/photo-1517524206127-48bbd363f3d7?auto=format&fit=crop&w=800&q=80|https://images.unsplash.com/photo-1494905998402-395d579af36f?auto=format&fit=crop&w=800&q=80
,Oil Filter,11.99,15.99,Engine,76,Reliable oil filter for cleaner engine operation and longer service life.,Best Seller,physical,1,1,https://images.unsplash.com/photo-1494905998402-395d579af36f?auto=format&fit=crop&w=800&q=80,Mobil 1,2022,Ford,Focus,https://images.unsplash.com/photo-1486262715619-67b85e0b08d3?auto=format&fit=crop&w=800&q=80|https://images.unsplash.com/photo-1492144534655-ae79c964c9d7?auto=format&fit=crop&w=800&q=80|https://images.unsplash.com/photo-1511919884226-fd3cad34687c?auto=format&fit=crop&w=800&q=80|https://images.unsplash.com/photo-1517524206127-48bbd363f3d7?auto=format&fit=crop&w=800&q=80|https://images.unsplash.com/photo-1519643381401-22c77e60520e?auto=format&fit=crop&w=800&q=80
,Serpentine Belt,24.99,32.99,Belts and Cooling,56,Durable serpentine belt for efficient accessory drive and longevity.,Popular,physical,1,1,https://images.unsplash.com/photo-1503736334956-4c8f8e92946d?auto=format&fit=crop&w=800&q=80,Gates,2023,Honda,Pilot,https://images.unsplash.com/photo-1486262715619-67b85e0b08d3?auto=format&fit=crop&w=800&q=80|https://images.unsplash.com/photo-1492144534655-ae79c964c9d7?auto=format&fit=crop&w=800&q=80|https://images.unsplash.com/photo-1511919884226-fd3cad34687c?auto=format&fit=crop&w=800&q=80|https://images.unsplash.com/photo-1517524206127-48bbd363f3d7?auto=format&fit=crop&w=800&q=80|https://images.unsplash.com/photo-1519643381401-22c77e60520e?auto=format&fit=crop&w=800&q=80
,Thermostat,18.99,24.99,Cooling,47,Precise thermostat for stable engine temperature and efficiency.,New,physical,1,1,https://images.unsplash.com/photo-1493238792000-8113da705763?auto=format&fit=crop&w=800&q=80,ATE,2021,Toyota,Highlander,https://images.unsplash.com/photo-1486262715619-67b85e0b08d3?auto=format&fit=crop&w=800&q=80|https://images.unsplash.com/photo-1492144534655-ae79c964c9d7?auto=format&fit=crop&w=800&q=80|https://images.unsplash.com/photo-1511919884226-fd3cad34687c?auto=format&fit=crop&w=800&q=80|https://images.unsplash.com/photo-1517524206127-48bbd363f3d7?auto=format&fit=crop&w=800&q=80|https://images.unsplash.com/photo-1494905998402-395d579af36f?auto=format&fit=crop&w=800&q=80
,Starter Motor,139.99,169.99,Electrical,17,Dependable starter motor for dependable engine cranking.,Popular,physical,1,1,https://images.unsplash.com/photo-1503376780353-7e6692767b70?auto=format&fit=crop&w=800&q=80,Bosch,2022,Jeep,Cherokee,https://images.unsplash.com/photo-1486262715619-67b85e0b08d3?auto=format&fit=crop&w=800&q=80|https://images.unsplash.com/photo-1492144534655-ae79c964c9d7?auto=format&fit=crop&w=800&q=80|https://images.unsplash.com/photo-1511919884226-fd3cad34687c?auto=format&fit=crop&w=800&q=80|https://images.unsplash.com/photo-1517524206127-48bbd363f3d7?auto=format&fit=crop&w=800&q=80|https://images.unsplash.com/photo-1519643381401-22c77e60520e?auto=format&fit=crop&w=800&q=80
,Fuel Pump,109.99,139.99,Engine,21,Fuel pump designed for reliable pressure and smooth engine performance.,Top Rated,physical,1,1,https://images.unsplash.com/photo-1494905998402-395d579af36f?auto=format&fit=crop&w=800&q=80,Walbro,2023,Subaru,Impreza,https://images.unsplash.com/photo-1486262715619-67b85e0b08d3?auto=format&fit=crop&w=800&q=80|https://images.unsplash.com/photo-1492144534655-ae79c964c9d7?auto=format&fit=crop&w=800&q=80|https://images.unsplash.com/photo-1511919884226-fd3cad34687c?auto=format&fit=crop&w=800&q=80|https://images.unsplash.com/photo-1517524206127-48bbd363f3d7?auto=format&fit=crop&w=800&q=80|https://images.unsplash.com/photo-1493238792000-8113da705763?auto=format&fit=crop&w=800&q=80
,Lower Control Arm,88.99,109.99,Suspension,16,Lower control arm for better alignment stability and ride comfort.,Popular,physical,1,1,https://images.unsplash.com/photo-1503736334956-4c8f8e92946d?auto=format&fit=crop&w=800&q=80,MOOG,2022,Mercedes,C-Class,https://images.unsplash.com/photo-1486262715619-67b85e0b08d3?auto=format&fit=crop&w=800&q=80|https://images.unsplash.com/photo-1492144534655-ae79c964c9d7?auto=format&fit=crop&w=800&q=80|https://images.unsplash.com/photo-1511919884226-fd3cad34687c?auto=format&fit=crop&w=800&q=80|https://images.unsplash.com/photo-1517524206127-48bbd363f3d7?auto=format&fit=crop&w=800&q=80|https://images.unsplash.com/photo-1519643381401-22c77e60520e?auto=format&fit=crop&w=800&q=80
,Piston Ring Set,57.99,71.99,Engine,12,Piston ring set for strong compression and engine longevity.,Best Seller,physical,1,1,https://images.unsplash.com/photo-1493238792000-8113da705763?auto=format&fit=crop&w=800&q=80,Mahle,2023,Volvo,XC90,https://images.unsplash.com/photo-1486262715619-67b85e0b08d3?auto=format&fit=crop&w=800&q=80|https://images.unsplash.com/photo-1492144534655-ae79c964c9d7?auto=format&fit=crop&w=800&q=80|https://images.unsplash.com/photo-1511919884226-fd3cad34687c?auto=format&fit=crop&w=800&q=80|https://images.unsplash.com/photo-1517524206127-48bbd363f3d7?auto=format&fit=crop&w=800&q=80|https://images.unsplash.com/photo-1494905998402-395d579af36f?auto=format&fit=crop&w=800&q=80
,Wheel Hub Assembly,94.99,119.99,Suspension,14,Wheel hub assembly for smooth rotation and reliable performance.,New,physical,1,1,https://images.unsplash.com/photo-1519643381401-22c77e60520e?auto=format&fit=crop&w=800&q=80,Timken,2022,Porsche,Cayenne,https://images.unsplash.com/photo-1486262715619-67b85e0b08d3?auto=format&fit=crop&w=800&q=80|https://images.unsplash.com/photo-1492144534655-ae79c964c9d7?auto=format&fit=crop&w=800&q=80|https://images.unsplash.com/photo-1511919884226-fd3cad34687c?auto=format&fit=crop&w=800&q=80|https://images.unsplash.com/photo-1517524206127-48bbd363f3d7?auto=format&fit=crop&w=800&q=80|https://images.unsplash.com/photo-1493238792000-8113da705763?auto=format&fit=crop&w=800&q=80
,Exhaust Gasket,21.99,27.99,Exhaust,23,Exhaust gasket for reliable sealing and leak prevention.,Sale,physical,1,1,https://images.unsplash.com/photo-1511919884226-fd3cad34687c?auto=format&fit=crop&w=800&q=80,Fel-Pro,2021,Audi,A4,https://images.unsplash.com/photo-1486262715619-67b85e0b08d3?auto=format&fit=crop&w=800&q=80|https://images.unsplash.com/photo-1492144534655-ae79c964c9d7?auto=format&fit=crop&w=800&q=80|https://images.unsplash.com/photo-1517524206127-48bbd363f3d7?auto=format&fit=crop&w=800&q=80|https://images.unsplash.com/photo-1519643381401-22c77e60520e?auto=format&fit=crop&w=800&q=80|https://images.unsplash.com/photo-1494905998402-395d579af36f?auto=format&fit=crop&w=800&q=80
,Catalytic Converter,249.99,299.99,Exhaust,9,Emissions-friendly catalytic converter for dependable performance.,Popular,physical,1,1,https://images.unsplash.com/photo-1503736334956-4c8f8e92946d?auto=format&fit=crop&w=800&q=80,Bosal,2022,Ford,Escape,https://images.unsplash.com/photo-1486262715619-67b85e0b08d3?auto=format&fit=crop&w=800&q=80|https://images.unsplash.com/photo-1492144534655-ae79c964c9d7?auto=format&fit=crop&w=800&q=80|https://images.unsplash.com/photo-1511919884226-fd3cad34687c?auto=format&fit=crop&w=800&q=80|https://images.unsplash.com/photo-1517524206127-48bbd363f3d7?auto=format&fit=crop&w=800&q=80|https://images.unsplash.com/photo-1519643381401-22c77e60520e?auto=format&fit=crop&w=800&q=80
,Muffler,89.99,109.99,Exhaust,13,Durable muffler for reduced noise and reliable flow.,Top Rated,physical,1,1,https://images.unsplash.com/photo-1493238792000-8113da705763?auto=format&fit=crop&w=800&q=80,Walker,2023,Toyota,Prius,https://images.unsplash.com/photo-1486262715619-67b85e0b08d3?auto=format&fit=crop&w=800&q=80|https://images.unsplash.com/photo-1492144534655-ae79c964c9d7?auto=format&fit=crop&w=800&q=80|https://images.unsplash.com/photo-1511919884226-fd3cad34687c?auto=format&fit=crop&w=800&q=80|https://images.unsplash.com/photo-1517524206127-48bbd363f3d7?auto=format&fit=crop&w=800&q=80|https://images.unsplash.com/photo-1494905998402-395d579af36f?auto=format&fit=crop&w=800&q=80
,Head Gasket,52.99,66.99,Engine,8,Head gasket for dependable sealing under high temperatures.,Sale,physical,1,1,https://images.unsplash.com/photo-1519643381401-22c77e60520e?auto=format&fit=crop&w=800&q=80,Fel-Pro,2022,Honda,Accord,https://images.unsplash.com/photo-1486262715619-67b85e0b08d3?auto=format&fit=crop&w=800&q=80|https://images.unsplash.com/photo-1492144534655-ae79c964c9d7?auto=format&fit=crop&w=800&q=80|https://images.unsplash.com/photo-1511919884226-fd3cad34687c?auto=format&fit=crop&w=800&q=80|https://images.unsplash.com/photo-1517524206127-48bbd363f3d7?auto=format&fit=crop&w=800&q=80|https://images.unsplash.com/photo-1493238792000-8113da705763?auto=format&fit=crop&w=800&q=80
,Transmission Filter,37.99,49.99,Transmission,11,Transmission filter for smooth shifting and maintenance.,Popular,physical,1,1,https://images.unsplash.com/photo-1503376780353-7e6692767b70?auto=format&fit=crop&w=800&q=80,Denso,2021,Nissan,Altima,https://images.unsplash.com/photo-1486262715619-67b85e0b08d3?auto=format&fit=crop&w=800&q=80|https://images.unsplash.com/photo-1492144534655-ae79c964c9d7?auto=format&fit=crop&w=800&q=80|https://images.unsplash.com/photo-1511919884226-fd3cad34687c?auto=format&fit=crop&w=800&q=80|https://images.unsplash.com/photo-1517524206127-48bbd363f3d7?auto=format&fit=crop&w=800&q=80|https://images.unsplash.com/photo-1519643381401-22c77e60520e?auto=format&fit=crop&w=800&q=80
,Power Steering Pump,149.99,179.99,Steering,12,"Hydraulic power steering pump for smooth, responsive steering feel.",Popular,physical,1,1,https://images.unsplash.com/photo-1503736334956-4c8f8e92946d?auto=format&fit=crop&w=800&q=80,A1 Cardone,2022,Ford,Explorer,https://images.unsplash.com/photo-1486262715619-67b85e0b08d3?auto=format&fit=crop&w=800&q=80|https://images.unsplash.com/photo-1492144534655-ae79c964c9d7?auto=format&fit=crop&w=800&q=80|https://images.unsplash.com/photo-1511919884226-fd3cad34687c?auto=format&fit=crop&w=800&q=80|https://images.unsplash.com/photo-1517524206127-48bbd363f3d7?auto=format&fit=crop&w=800&q=80|https://images.unsplash.com/photo-1494905998402-395d579af36f?auto=format&fit=crop&w=800&q=80
,Rack and Pinion,189.99,229.99,Steering,9,Steering rack assembly for precise control and dependable response.,Top Rated,physical,1,1,https://images.unsplash.com/photo-1493238792000-8113da705763?auto=format&fit=crop&w=800&q=80,TRW,2023,Toyota,RAV4,https://images.unsplash.com/photo-1486262715619-67b85e0b08d3?auto=format&fit=crop&w=800&q=80|https://images.unsplash.com/photo-1492144534655-ae79c964c9d7?auto=format&fit=crop&w=800&q=80|https://images.unsplash.com/photo-1511919884226-fd3cad34687c?auto=format&fit=crop&w=800&q=80|https://images.unsplash.com/photo-1517524206127-48bbd363f3d7?auto=format&fit=crop&w=800&q=80|https://images.unsplash.com/photo-1519643381401-22c77e60520e?auto=format&fit=crop&w=800&q=80
,Ball Joint Set,39.99,49.99,Suspension,18,Ball joint set for improved steering feel and durability.,New,physical,1,1,https://images.unsplash.com/photo-1503376780353-7e6692767b70?auto=format&fit=crop&w=800&q=80,Mevotech,2021,Nissan,Rogue,https://images.unsplash.com/photo-1486262715619-67b85e0b08d3?auto=format&fit=crop&w=800&q=80|https://images.unsplash.com/photo-1492144534655-ae79c964c9d7?auto=format&fit=crop&w=800&q=80|https://images.unsplash.com/photo-1511919884226-fd3cad34687c?auto=format&fit=crop&w=800&q=80|https://images.unsplash.com/photo-1517524206127-48bbd363f3d7?auto=format&fit=crop&w=800&q=80|https://images.unsplash.com/photo-1494905998402-395d579af36f?auto=format&fit=crop&w=800&q=80
,Shock Mount Kit,54.99,67.99,Suspension,15,Shock mount kit for secure installation and ride stability.,Best Seller,physical,1,1,https://images.unsplash.com/photo-1519643381401-22c77e60520e?auto=format&fit=crop&w=800&q=80,KYB,2023,Honda,CR-V,https://images.unsplash.com/photo-1486262715619-67b85e0b08d3?auto=format&fit=crop&w=800&q=80|https://images.unsplash.com/photo-1492144534655-ae79c964c9d7?auto=format&fit=crop&w=800&q=80|https://images.unsplash.com/photo-1511919884226-fd3cad34687c?auto=format&fit=crop&w=800&q=80|https://images.unsplash.com/photo-1517524206127-48bbd363f3d7?auto=format&fit=crop&w=800&q=80|https://images.unsplash.com/photo-1493238792000-8113da705763?auto=format&fit=crop&w=800&q=80
,Clutch Kit,219.99,269.99,Transmission,7,Complete clutch kit for smooth engagement and dependable performance.,Popular,physical,1,1,https://images.unsplash.com/photo-1494905998402-395d579af36f?auto=format&fit=crop&w=800&q=80, Sachs,2022,Chevrolet,Silverado,https://images.unsplash.com/photo-1486262715619-67b85e0b08d3?auto=format&fit=crop&w=800&q=80|https://images.unsplash.com/photo-1492144534655-ae79c964c9d7?auto=format&fit=crop&w=800&q=80|https://images.unsplash.com/photo-1511919884226-fd3cad34687c?auto=format&fit=crop&w=800&q=80|https://images.unsplash.com/photo-1517524206127-48bbd363f3d7?auto=format&fit=crop&w=800&q=80|https://images.unsplash.com/photo-1519643381401-22c77e60520e?auto=format&fit=crop&w=800&q=80
,Turbocharger,389.99,459.99,Engine,5,High-performance turbocharger for stronger acceleration and power.,Popular,physical,1,1,https://images.unsplash.com/photo-1503376780353-7e6692767b70?auto=format&fit=crop&w=800&q=80,Garrett,2023,Subaru,WRX,https://images.unsplash.com/photo-1486262715619-67b85e0b08d3?auto=format&fit=crop&w=800&q=80|https://images.unsplash.com/photo-1492144534655-ae79c964c9d7?auto=format&fit=crop&w=800&q=80|https://images.unsplash.com/photo-1511919884226-fd3cad34687c?auto=format&fit=crop&w=800&q=80|https://images.unsplash.com/photo-1517524206127-48bbd363f3d7?auto=format&fit=crop&w=800&q=80|https://images.unsplash.com/photo-1519643381401-22c77e60520e?auto=format&fit=crop&w=800&q=80
,Intercooler,219.99,269.99,Engine,6,Efficient intercooler for improved thermal management and tuning potential.,New,physical,1,1,https://images.unsplash.com/photo-1493238792000-8113da705763?auto=format&fit=crop&w=800&q=80,Mishimoto,2022,Mazda,MX-5,https://images.unsplash.com/photo-1486262715619-67b85e0b08d3?auto=format&fit=crop&w=800&q=80|https://images.unsplash.com/photo-1492144534655-ae79c964c9d7?auto=format&fit=crop&w=800&q=80|https://images.unsplash.com/photo-1511919884226-fd3cad34687c?auto=format&fit=crop&w=800&q=80|https://images.unsplash.com/photo-1517524206127-48bbd363f3d7?auto=format&fit=crop&w=800&q=80|https://images.unsplash.com/photo-1494905998402-395d579af36f?auto=format&fit=crop&w=800&q=80
,Camshaft Position Sensor,37.99,47.99,Electrical,24,Sensor for accurate engine timing and smooth operation.,Top Rated,physical,1,1,https://images.unsplash.com/photo-1494905998402-395d579af36f?auto=format&fit=crop&w=800&q=80,Bosch,2021,Ford,Fusion,https://images.unsplash.com/photo-1486262715619-67b85e0b08d3?auto=format&fit=crop&w=800&q=80|https://images.unsplash.com/photo-1492144534655-ae79c964c9d7?auto=format&fit=crop&w=800&q=80|https://images.unsplash.com/photo-1511919884226-fd3cad34687c?auto=format&fit=crop&w=800&q=80|https://images.unsplash.com/photo-1517524206127-48bbd363f3d7?auto=format&fit=crop&w=800&q=80|https://images.unsplash.com/photo-1519643381401-22c77e60520e?auto=format&fit=crop&w=800&q=80
,Mass Air Flow Sensor,59.99,74.99,Electrical,20,Reliable MAF sensor for efficient fuel management and performance.,Best Seller,physical,1,1,https://images.unsplash.com/photo-1503736334956-4c8f8e92946d?auto=format&fit=crop&w=800&q=80,Denso,2022,Toyota,Sienna,https://images.unsplash.com/photo-1486262715619-67b85e0b08d3?auto=format&fit=crop&w=800&q=80|https://images.unsplash.com/photo-1492144534655-ae79c964c9d7?auto=format&fit=crop&w=800&q=80|https://images.unsplash.com/photo-1511919884226-fd3cad34687c?auto=format&fit=crop&w=800&q=80|https://images.unsplash.com/photo-1517524206127-48bbd363f3d7?auto=format&fit=crop&w=800&q=80|https://images.unsplash.com/photo-1493238792000-8113da705763?auto=format&fit=crop&w=800&q=80
,Windshield Washer Pump,17.99,22.99,Exterior,29,Dependable washer pump for clear visibility in bad weather.,Popular,physical,1,1,https://images.unsplash.com/photo-1519643381401-22c77e60520e?auto=format&fit=crop&w=800&q=80,Valeo,2021,Honda,Odyssey,https://images.unsplash.com/photo-1486262715619-67b85e0b08d3?auto=format&fit=crop&w=800&q=80|https://images.unsplash.com/photo-1492144534655-ae79c964c9d7?auto=format&fit=crop&w=800&q=80|https://images.unsplash.com/photo-1511919884226-fd3cad34687c?auto=format&fit=crop&w=800&q=80|https://images.unsplash.com/photo-1517524206127-48bbd363f3d7?auto=format&fit=crop&w=800&q=80|https://images.unsplash.com/photo-1494905998402-395d579af36f?auto=format&fit=crop&w=800&q=80
,Parking Brake Cable,49.99,59.99,Brakes,14,Parking brake cable for reliable hold and smooth release.,New,physical,1,1,https://images.unsplash.com/photo-1503736334956-4c8f8e92946d?auto=format&fit=crop&w=800&q=80,TRW,2022,Nissan,Maxima,https://images.unsplash.com/photo-1486262715619-67b85e0b08d3?auto=format&fit=crop&w=800&q=80|https://images.unsplash.com/photo-1492144534655-ae79c964c9d7?auto=format&fit=crop&w=800&q=80|https://images.unsplash.com/photo-1511919884226-fd3cad34687c?auto=format&fit=crop&w=800&q=80|https://images.unsplash.com/photo-1517524206127-48bbd363f3d7?auto=format&fit=crop&w=800&q=80|https://images.unsplash.com/photo-1493238792000-8113da705763?auto=format&fit=crop&w=800&q=80
,Brake Caliper,119.99,149.99,Brakes,11,Remanufactured brake caliper for dependable stopping power.,Popular,physical,1,1,https://images.unsplash.com/photo-1493238792000-8113da705763?auto=format&fit=crop&w=800&q=80,Power Stop,2023,Chevrolet,Camaro,https://images.unsplash.com/photo-1486262715619-67b85e0b08d3?auto=format&fit=crop&w=800&q=80|https://images.unsplash.com/photo-1492144534655-ae79c964c9d7?auto=format&fit=crop&w=800&q=80|https://images.unsplash.com/photo-1511919884226-fd3cad34687c?auto=format&fit=crop&w=800&q=80|https://images.unsplash.com/photo-1517524206127-48bbd363f3d7?auto=format&fit=crop&w=800&q=80|https://images.unsplash.com/photo-1519643381401-22c77e60520e?auto=format&fit=crop&w=800&q=80
,Radiator,149.99,189.99,Cooling,8,Aluminum radiator for improved cooling and durability.,Top Rated,physical,1,1,https://images.unsplash.com/photo-1519643381401-22c77e60520e?auto=format&fit=crop&w=800&q=80,Behr,2022,BMW,330i,https://images.unsplash.com/photo-1486262715619-67b85e0b08d3?auto=format&fit=crop&w=800&q=80|https://images.unsplash.com/photo-1492144534655-ae79c964c9d7?auto=format&fit=crop&w=800&q=80|https://images.unsplash.com/photo-1511919884226-fd3cad34687c?auto=format&fit=crop&w=800&q=80|https://images.unsplash.com/photo-1517524206127-48bbd363f3d7?auto=format&fit=crop&w=800&q=80|https://images.unsplash.com/photo-1494905998402-395d579af36f?auto=format&fit=crop&w=800&q=80
,Water Pump,64.99,79.99,Cooling,10,Water pump for efficient coolant circulation and engine protection.,Best Seller,physical,1,1,https://images.unsplash.com/photo-1494905998402-395d579af36f?auto=format&fit=crop&w=800&q=80,Aisin,2021,Hyundai,Sonata,https://images.unsplash.com/photo-1486262715619-67b85e0b08d3?auto=format&fit=crop&w=800&q=80|https://images.unsplash.com/photo-1492144534655-ae79c964c9d7?auto=format&fit=crop&w=800&q=80|https://images.unsplash.com/photo-1511919884226-fd3cad34687c?auto=format&fit=crop&w=800&q=80|https://images.unsplash.com/photo-1517524206127-48bbd363f3d7?auto=format&fit=crop&w=800&q=80|https://images.unsplash.com/photo-1519643381401-22c77e60520e?auto=format&fit=crop&w=800&q=80
,Stabilizer Bar,79.99,99.99,Suspension,13,Stabilizer bar for better cornering control and stability.,Sale,physical,1,1,https://images.unsplash.com/photo-1503376780353-7e6692767b70?auto=format&fit=crop&w=800&q=80,Mevotech,2022,Mercedes,E-Class,https://images.unsplash.com/photo-1486262715619-67b85e0b08d3?auto=format&fit=crop&w=800&q=80|https://images.unsplash.com/photo-1492144534655-ae79c964c9d7?auto=format&fit=crop&w=800&q=80|https://images.unsplash.com/photo-1511919884226-fd3cad34687c?auto=format&fit=crop&w=800&q=80|https://images.unsplash.com/photo-1517524206127-48bbd363f3d7?auto=format&fit=crop&w=800&q=80|https://images.unsplash.com/photo-1493238792000-8113da705763?auto=format&fit=crop&w=800&q=80
,Ignition Coil,34.99,44.99,Electrical,22,Ignition coil for reliable starts and smooth engine performance.,Popular,physical,1,1,https://images.unsplash.com/photo-1493238792000-8113da705763?auto=format&fit=crop&w=800&q=80,NGK,2023,Audi,A6,https://images.unsplash.com/photo-1486262715619-67b85e0b08d3?auto=format&fit=crop&w=800&q=80|https://images.unsplash.com/photo-1492144534655-ae79c964c9d7?auto=format&fit=crop&w=800&q=80|https://images.unsplash.com/photo-1511919884226-fd3cad34687c?auto=format&fit=crop&w=800&q=80|https://images.unsplash.com/photo-1517524206127-48bbd363f3d7?auto=format&fit=crop&w=800&q=80|https://images.unsplash.com/photo-1494905998402-395d579af36f?auto=format&fit=crop&w=800&q=80
,Spark Plug Wire Set,29.99,37.99,Engine,16,Quality spark plug wire set for consistent ignition performance.,Top Rated,physical,1,1,https://images.unsplash.com/photo-1503736334956-4c8f8e92946d?auto=format&fit=crop&w=800&q=80,Accel,2021,Lexus,IS 250,https://images.unsplash.com/photo-1486262715619-67b85e0b08d3?auto=format&fit=crop&w=80&q=80|https://images.unsplash.com/photo-1492144534655-ae79c964c9d7?auto=format&fit=crop&w=800&q=80|https://images.unsplash.com/photo-1511919884226-fd3cad34687c?auto=format&fit=crop&w=800&q=80|https://images.unsplash.com/photo-1517524206127-48bbd363f3d7?auto=format&fit=crop&w=800&q=80|https://images.unsplash.com/photo-1519643381401-22c77e60520e?auto=format&fit=crop&w=800&q=80
,Engine Mount,59.99,74.99,Engine,17,Engine mount for reduced vibration and secure installation.,Popular,physical,1,1,https://images.unsplash.com/photo-1494905998402-395d579af36f?auto=format&fit=crop&w=800&q=80,Anchor,2023,Volvo,S60,https://images.unsplash.com/photo-1486262715619-67b85e0b08d3?auto=format&fit=crop&w=800&q=80|https://images.unsplash.com/photo-1492144534655-ae79c964c9d7?auto=format&fit=crop&w=800&q=80|https://images.unsplash.com/photo-1511919884226-fd3cad34687c?auto=format&fit=crop&w=800&q=80|https://images.unsplash.com/photo-1517524206127-48bbd363f3d7?auto=format&fit=crop&w=800&q=80|https://images.unsplash.com/photo-1493238792000-8113da705763?auto=format&fit=crop&w=800&q=80
,Fuel Injector,89.99,109.99,Engine,9,Fuel injector for efficient combustion and smooth performance.,Best Seller,physical,1,1,https://images.unsplash.com/photo-1503376780353-7e6692767b70?auto=format&fit=crop&w=800&q=80,Bosch,2022,Volkswagen,Golf,https://images.unsplash.com/photo-1486262715619-67b85e0b08d3?auto=format&fit=crop&w=800&q=80|https://images.unsplash.com/photo-1492144534655-ae79c964c9d7?auto=format&fit=crop&w=800&q=80|https://images.unsplash.com/photo-1511919884226-fd3cad34687c?auto=format&fit=crop&w=800&q=80|https://images.unsplash.com/photo-1517524206127-48bbd363f3d7?auto=format&fit=crop&w=800&q=80|https://images.unsplash.com/photo-1519643381401-22c77e60520e?auto=format&fit=crop&w=800&q=80
,Brake Fluid,14.99,19.99,Brakes,31,High-performance brake fluid for reliable braking response.,Sale,physical,1,1,https://images.unsplash.com/photo-1493238792000-8113da705763?auto=format&fit=crop&w=800&q=80,Ate,2021,Porsche,Panther,https://images.unsplash.com/photo-1486262715619-67b85e0b08d3?auto=format&fit=crop&w=800&q=80|https://images.unsplash.com/photo-1492144534655-ae79c964c9d7?auto=format&fit=crop&w=800&q=80|https://images.unsplash.com/photo-1511919884226-fd3cad34687c?auto=format&fit=crop&w=800&q=80|https://images.unsplash.com/photo-1517524206127-48bbd363f3d7?auto=format&fit=crop&w=800&q=80|https://images.unsplash.com/photo-1494905998402-395d579af36f?auto=format&fit=crop&w=800&q=80
,Rear Differential,289.99,349.99,Drivetrain,7,Rear differential assembly for smooth power transfer and durability.,Popular,physical,1,1,https://images.unsplash.com/photo-1503736334956-4c8f8e92946d?auto=format&fit=crop&w=800&q=80,Mopar,2022,Jeep,Grand Cherokee,https://images.unsplash.com/photo-1486262715619-67b85e0b08d3?auto=format&fit=crop&w=800&q=80|https://images.unsplash.com/photo-1492144534655-ae79c964c9d7?auto=format&fit=crop&w=800&q=80|https://images.unsplash.com/photo-1511919884226-fd3cad34687c?auto=format&fit=crop&w=800&q=80|https://images.unsplash.com/photo-1517524206127-48bbd363f3d7?auto=format&fit=crop&w=800&q=80|https://images.unsplash.com/photo-1519643381401-22c77e60520e?auto=format&fit=crop&w=800&q=80
,Heated Seat Switch,24.99,31.99,Interior,15,Heated seat switch for reliable comfort controls and easy installation.,New,physical,1,1,https://images.unsplash.com/photo-1493238792000-8113da705763?auto=format&fit=crop&w=800&q=80,OEM,2023,Hyundai,Tucson,https://images.unsplash.com/photo-1486262715619-67b85e0b08d3?auto=format&fit=crop&w=800&q=80|https://images.unsplash.com/photo-1492144534655-ae79c964c9d7?auto=format&fit=crop&w=800&q=80|https://images.unsplash.com/photo-1511919884226-fd3cad34687c?auto=format&fit=crop&w=800&q=80|https://images.unsplash.com/photo-1517524206127-48bbd363f3d7?auto=format&fit=crop&w=800&q=80|https://images.unsplash.com/photo-1494905998402-395d579af36f?auto=format&fit=crop&w=800&q=80
,Leaf Spring,67.99,84.99,Suspension,11,Leaf spring for dependable load support and stable ride handling.,Top Rated,physical,1,1,https://images.unsplash.com/photo-1503376780353-7e6692767b70?auto=format&fit=crop&w=800&q=80,Dexter,2022,Ford,F-250,https://images.unsplash.com/photo-1486262715619-67b85e0b08d3?auto=format&fit=crop&w=800&q=80|https://images.unsplash.com/photo-1492144534655-ae79c964c9d7?auto=format&fit=crop&w=800&q=80|https://images.unsplash.com/photo-1511919884226-fd3cad34687c?auto=format&fit=crop&w=800&q=80|https://images.unsplash.com/photo-1517524206127-48bbd363f3d7?auto=format&fit=crop&w=800&q=80|https://images.unsplash.com/photo-1519643381401-22c77e60520e?auto=format&fit=crop&w=800&q=80
,Hinge Kit,19.99,24.99,Body,18,Hinge kit for smooth door operation and durable replacement.,Best Seller,physical,1,1,https://images.unsplash.com/photo-1494905998402-395d579af36f?auto=format&fit=crop&w=800&q=80,Dorman,2021,Toyota,Sienna,https://images.unsplash.com/photo-1486262715619-67b85e0b08d3?auto=format&fit=crop&w=800&q=80|https://images.unsplash.com/photo-1492144534655-ae79c964c9d7?auto=format&fit=crop&w=800&q=80|https://images.unsplash.com/photo-1511919884226-fd3cad34687c?auto=format&fit=crop&w=800&q=80|https://images.unsplash.com/photo-1517524206127-48bbd363f3d7?auto=format&fit=crop&w=800&q=80|https://images.unsplash.com/photo-1493238792000-8113da705763?auto=format&fit=crop&w=800&q=80
,A/C Compressor,289.99,349.99,Cooling,6,A/C compressor for reliable cooling and efficient climate control.,Popular,physical,1,1,https://images.unsplash.com/photo-1519643381401-22c77e60520e?auto=format&fit=crop&w=800&q=80,Sanden,2023,BMW,X3,https://images.unsplash.com/photo-1486262715619-67b85e0b08d3?auto=format&fit=crop&w=800&q=80|https://images.unsplash.com/photo-1492144534655-ae79c964c9d7?auto=format&fit=crop&w=800&q=80|https://images.unsplash.com/photo-1511919884226-fd3cad34687c?auto=format&fit=crop&w=800&q=80|https://images.unsplash.com/photo-1517524206127-48bbd363f3d7?auto=format&fit=crop&w=800&q=80|https://images.unsplash.com/photo-1494905998402-395d579af36f?auto=format&fit=crop&w=800&q=80
,Battery Cable Set,34.99,44.99,Electrical,14,Battery cable set for dependable power transfer and corrosion resistance.,Sale,physical,1,1,https://images.unsplash.com/photo-1503736334956-4c8f8e92946d?auto=format&fit=crop&w=800&q=80,ACDelco,2022,Chevrolet,Tahoe,https://images.unsplash.com/photo-1486262715619-67b85e0b08d3?auto=format&fit=crop&w=800&q=80|https://images.unsplash.com/photo-1492144534655-ae79c964c9d7?auto=format&fit=crop&w=800&q=80|https://images.unsplash.com/photo-1511919884226-fd3cad34687c?auto=format&fit=crop&w=800&q=80|https://images.unsplash.com/photo-1517524206127-48bbd363f3d7?auto=format&fit=crop&w=800&q=80|https://images.unsplash.com/photo-1493238792000-8113da705763?auto=format&fit=crop&w=800&q=80
,Oil Pan Gasket,16.99,21.99,Engine,12,Oil pan gasket for leak-free sealing and reliable service.,New,physical,1,1,https://images.unsplash.com/photo-1493238792000-8113da705763?auto=format&fit=crop&w=800&q=80,Fel-Pro,2021,Mazda,3,https://images.unsplash.com/photo-1486262715619-67b85e0b08d3?auto=format&fit=crop&w=800&q=80|https://images.unsplash.com/photo-1492144534655-ae79c964c9d7?auto=format&fit=crop&w=800&q=80|https://images.unsplash.com/photo-1511919884226-fd3cad34687c?auto=format&fit=crop&w=800&q=80|https://images.unsplash.com/photo-1517524206127-48bbd363f3d7?auto=format&fit=crop&w=800&q=80|https://images.unsplash.com/photo-1494905998402-395d579af36f?auto=format&fit=crop&w=800&q=80
,Drive Shaft,149.99,179.99,Drivetrain,5,Drive shaft for smooth torque transfer and dependable performance.,Popular,physical,1,1,https://images.unsplash.com/photo-1517524206127-48bbd363f3d7?auto=format&fit=crop&w=800&q=80,GKN,2023,Audi,Q5,https://images.unsplash.com/photo-1486262715619-67b85e0b08d3?auto=format&fit=crop&w=800&q=80|https://images.unsplash.com/photo-1492144534655-ae79c964c9d7?auto=format&fit=crop&w=800&q=80|https://images.unsplash.com/photo-1511919884226-fd3cad34687c?auto=format&fit=crop&w=800&q=80|https://images.unsplash.com/photo-1519643381401-22c77e60520e?auto=format&fit=crop&w=800&q=80|https://images.unsplash.com/photo-1493238792000-8113da705763?auto=format&fit=crop&w=800&q=80
